PY,word,n
2021,ensino,71
2021,física,56
2022,ensino,46
2020,ensino,37
2020,física,37
2021,physics,32
2022,física,31
2021,teaching,28
2014,ensino,23
2018,ensino,23
2018,física,23
2020,physics,23
2012,ensino,22
2013,ensino,22
2022,teaching,22
2014,física,20
2017,ensino,20
2019,ensino,20
2017,física,18
2012,física,17
2020,teaching,17
2022,physics,17
2013,física,16
2018,physics,16
2018,teaching,15
2019,física,15
2021,médio,13
2012,physics,11
2015,ensino,11
2016,ensino,11
2019,arduino,11
2021,learning,11
2017,physics,10
2019,physics,10
2021,aprendizagem,10
2022,aprendizagem,10
2013,physics,9
2014,physics,9
2015,física,9
2016,arduino,9
2017,instruction,9
2017,peer,9
2018,feynman,9
2021,quântica,9
2012,teaching,8
2014,médio,8
2020,estudo,8
2020,modelo,8
2022,quantum,8
2022,quântica,8
2012,039,7
2013,médio,7
2014,experimental,7
2015,luz,7
2016,física,7
2017,médio,7
2017,teaching,7
2019,experimental,7
2019,laboratório,7
2020,didático,7
2020,modelagem,7
2021,desenvolvimento,7
2021,didática,7
2021,experimentos,7
2021,remoto,7
2021,school,7
2022,abordagem,7
2022,learning,7
2022,videoanalisando,7
2013,teaching,6
2013,virtual,6
2014,atrito,6
2014,teaching,6
2015,experimental,6
2015,ondulatória,6
2015,physics,6
2015,science,6
2016,physics,6
2017,astronomia,6
2017,quot,6
2018,enem,6
2019,didático,6
2019,proposta,6
2020,análise,6
2020,experimental,6
2020,luz,6
2020,model,6
2021,arduino,6
2021,astronomia,6
2021,education,6
2021,high,6
2021,quantum,6
2021,scientific,6
2021,simulação,6
2012,education,5
2012,modellus,5
2012,médio,5
2015,ciência,5
2015,teaching,5
2015,teoria,5
2016,custo,5
2016,led,5
2016,luz,5
2016,newton,5
2016,óptica,5
2017,aprendizagem,5
2017,custo,5
2017,educação,5
2018,astronomia,5
2018,simples,5
2019,learning,5
2019,médio,5
2019,teaching,5
2020,astronomia,5
2020,científica,5
2020,nuclear,5
2020,scientific,5
2021,abordagem,5
2021,análise,5
2021,científica,5
2021,custo,5
2021,didactic,5
2021,didático,5
2021,experimental,5
2021,geogebra,5
2021,instruction,5
2021,peer,5
2021,teoria,5
2022,análise,5
2022,didático,5
2022,fourier,5
2022,isle,5
2022,levantamento,5
2022,médio,5
2022,teoria,5
2012,formação,4
2012,moderna,4
2012,professores,4
2012,óptica,4
2013,aprendizagem,4
2013,ciência,4
2013,mecânica,4
2013,school,4
2014,aprendizagem,4
2014,fluorescência,4
2014,global,4
2015,experimento,4
2015,gt,4
2015,lt,4
2015,wave,4
2016,efeito,4
2016,helmholtz,4
2016,software,4
2016,teaching,4
2016,young,4
2017,ativa,4
2017,education,4
2017,gerador,4
2017,história,4
2017,lasers,4
2018,ciência,4
2018,didático,4
2018,médio,4
2018,science,4
2019,análise,4
2019,aprendizagem,4
2019,bioimpedância,4
2019,custo,4
2019,experimentais,4
2019,experimento,4
2019,experimentos,4
2019,experiments,4
2019,light,4
2019,matlab,4
2019,ondas,4
2019,physical,4
2019,speed,4
2020,039,4
2020,científico,4
2020,ciência,4
2020,didactic,4
2020,didática,4
2020,didáticos,4
2020,estudantes,4
2020,hooke,4
2020,learning,4
2020,meios,4
2020,modeling,4
2020,médio,4
2020,quântica,4
2020,science,4
2020,trânsito,4
2020,videoanálise,4
2020,óptica,4
2021,1,4
2021,19,4
2021,astronomy,4
2021,básica,4
2021,covid,4
2021,eletromagnetismo,4
2021,eletrônica,4
2021,experimento,4
2021,jogo,4
2021,laboratório,4
2021,metodologia,4
2021,modeling,4
2021,remote,4
2021,simulation,4
2021,sistemas,4
2021,solar,4
2022,didáticos,4
2022,education,4
2022,electric,4
2022,elétrico,4
2022,experimento,4
2022,metodologia,4
2022,recursos,4
2022,simulação,4
2022,theory,4
2022,velocidade,4
2022,videoanálise,4
2022,óptica,4
2012,abordagem,3
2012,campo,3
2012,ciências,3
2012,computacional,3
2012,didactic,3
2012,didático,3
2012,espectroscopia,3
2012,hall,3
2012,harvard,3
2012,lloyd,3
2012,modelo,3
2012,pnlem,3
2012,recursos,3
2013,analogias,3
2013,cern,3
2013,cesar,3
2013,education,3
2013,estudo,3
2013,experimento,3
2013,fundão,3
2013,ginzburg,3
2013,história,3
2013,jigsaw,3
2013,landau,3
2013,lattes,3
2013,learning,3
2013,leite,3
2013,lopes,3
2013,materiais,3
2013,metodologia,3
2013,newton,3
2013,science,3
2013,tablet,3
2013,térmica,3
2013,uso,3
2014,abs,3
2014,arduino,3
2014,atwood,3
2014,energia,3
2014,fluorescence,3
2014,geiger,3
2014,learning,3
2014,linear,3
2014,masterclasses,3
2014,muller,3
2014,ouvido,3
2014,sbm19,3
2014,school,3
2014,website,3
2015,análise,3
2015,avaliação,3
2015,boltzmann,3
2015,conceito,3
2015,concepções,3
2015,educação,3
2015,fourier,3
2015,hemts,3
2015,história,3
2015,joseph,3
2015,light,3
2015,massa,3
2015,natureza,3
2015,thomas,3
2015,young,3
2016,039,3
2016,aceleração,3
2016,cern,3
2016,daq,3
2016,demonstração,3
2016,doppler,3
2016,fu,3
2016,gif,3
2016,kung,3
2016,light,3
2016,masterclasses,3
2016,plx,3
2016,s,3
2017,alunos,3
2017,análise,3
2017,circuitos,3
2017,collision,3
2017,didático,3
2017,electric,3
2017,estudo,3
2017,experimental,3
2017,fourier,3
2017,hands,3
2017,investigação,3
2017,laboratório,3
2017,literatura,3
2017,lucie,3
2017,mecânica,3
2017,pierre,3
2017,problemas,3
2017,revisão,3
2017,school,3
2017,science,3
2017,trânsito,3
2018,amplitudes,3
2018,angular,3
2018,astronomy,3
2018,calor,3
2018,campo,3
2018,chladni,3
2018,concepções,3
2018,custo,3
2018,digital,3
2018,electric,3
2018,estudo,3
2018,fluidos,3
2018,gauss,3
2018,high,3
2018,história,3
2018,latitude,3
2018,linear,3
2018,matemática,3
2018,mathematics,3
2018,modellus,3
2018,método,3
2018,natureza,3
2018,pet,3
2018,school,3
2018,software,3
2018,teoria,3
2018,óptica,3
2019,039,3
2019,conceitos,3
2019,dados,3
2019,education,3
2019,electromagnetism,3
2019,eletricidade,3
2019,equilíbrio,3
2019,estudantes,3
2019,estudo,3
2019,físicos,3
2019,laboratory,3
2019,luz,3
2019,maxima,3
2019,motor,3
2019,quantum,3
2019,quântica,3
2019,remoto,3
2019,saúde,3
2019,school,3
2019,science,3
2019,sensor,3
2019,simulação,3
2019,software,3
2019,thomas,3
2019,venturi,3
2019,young,3
2019,óptica,3
2020,angular,3
2020,aplicada,3
2020,aprendizagem,3
2020,ar,3
2020,astronomy,3
2020,atividade,3
2020,atividades,3
2020,bloom,3
2020,cinemática,3
2020,ciências,3
2020,cosmologia,3
2020,dados,3
2020,debye,3
2020,education,3
2020,enade,3
2020,experimentos,3
2020,fermi,3
2020,instruction,3
2020,introdução,3
2020,just,3
2020,k,3
2020,kinematics,3
2020,law,3
2020,lei,3
2020,licenciatura,3
2020,light,3
2020,metodologia,3
2020,mooc,3
2020,olbers,3
2020,onsager,3
2020,partículas,3
2020,peer,3
2020,problemas,3
2020,prática,3
2020,quantum,3
2020,s,3
2020,schlieren,3
2020,shadowgraph,3
2020,significativa,3
2020,sistemas,3
2020,spinner,3
2020,stokes,3
2020,teoria,3
2020,time,3
2020,torque,3
2020,tug,3
2020,usando,3
2020,velocidade,3
2021,applied,3
2021,atividade,3
2021,basic,3
2021,carathéodory,3
2021,clausius,3
2021,complexidade,3
2021,cts,3
2021,design,3
2021,dicumba,3
2021,disciplina,3
2021,educação,3
2021,efeito,3
2021,electromagnetism,3
2021,epistemologia,3
2021,epistemology,3
2021,escola,3
2021,estratégia,3
2021,experimentais,3
2021,experiments,3
2021,formação,3
2021,incertezas,3
2021,inep,3
2021,inovação,3
2021,interferômetro,3
2021,kelvin,3
2021,laboratory,3
2021,lei,3
2021,luz,3
2021,massa,3
2021,mechanics,3
2021,mecânica,3
2021,michelson,3
2021,mnpef,3
2021,modelagem,3
2021,movimento,3
2021,ondas,3
2021,professores,3
2021,propagação,3
2021,proposta,3
2021,qiskit,3
2021,quincke,3
2021,rpg,3
2021,smartphone,3
2021,sonora,3
2021,superior,3
2021,systems,3
2021,tesla,3
2021,theory,3
2021,usando,3
2021,web,3
2022,astronomia,3
2022,atividades,3
2022,campos,3
2022,carlo,3
2022,cosmologia,3
2022,design,3
2022,diferentes,3
2022,educational,3
2022,experimentais,3
2022,experimentação,3
2022,experimentos,3
2022,field,3
2022,higgs,3
2022,high,3
2022,interface,3
2022,joule,3
2022,just,3
2022,laser,3
2022,lei,3
2022,licenciatura,3
2022,magnético,3
2022,malus,3
2022,mecânica,3
2022,modelo,3
2022,monte,3
2022,radiation,3
2022,raios,3
2022,school,3
2022,science,3
2022,significativa,3
2022,simulation,3
2022,software,3
2022,som,3
2022,stellarium,3
2022,subsunçores,3
2022,time,3
2022,training,3
2022,universal,3
2022,uso,3
2012,aprendizagem,2
2012,astronomia,2
2012,atividades,2
2012,aula,2
2012,caracterização,2
2012,ciência,2
2012,computational,2
2012,conceptual,2
2012,condutor,2
2012,contextual,2
2012,corpuscular,2
2012,cronômetro,2
2012,didáticos,2
2012,efeito,2
2012,eletromagnética,2
2012,elétrico,2
2012,espelho,2
2012,estratégia,2
2012,experimentais,2
2012,experimentação,2
2012,experimentos,2
2012,filmes,2
2012,finos,2
2012,força,2
2012,high,2
2012,históricos,2
2012,indução,2
2012,infravermelho,2
2012,inicial,2
2012,instantânea,2
2012,integração,2
2012,kuhniana,2
2012,light,2
2012,luz,2
2012,medida,2
2012,model,2
2012,modelagem,2
2012,modern,2
2012,média,2
2012,nanociência,2
2012,nanotecnologia,2
2012,optics,2
2012,problema,2
2012,projeto,2
2012,quot,2
2012,resources,2
2012,s,2
2012,sala,2
2012,school,2
2012,simulação,2
2012,spectroscopy,2
2012,superfície,2
2012,teacher,2
2012,tecnológicos,2
2012,timor,2
2012,uso,2
2012,velocidade,2
2012,velocity,2
2013,acquisition,2
2013,alunos,2
2013,aplicações,2
2013,aquisição,2
2013,astrofísica,2
2013,astronomia,2
2013,atividade,2
2013,aula,2
2013,avaliação,2
2013,biofísica,2
2013,centro,2
2013,conceitos,2
2013,conceituais,2
2013,concept,2
2013,dados,2
2013,dialética,2
2013,dilatação,2
2013,eletricidade,2
2013,energia,2
2013,esporte,2
2013,estacionárias,2
2013,estatística,2
2013,expansion,2
2013,experimentação,2
2013,experimentos,2
2013,filosofia,2
2013,fundamental,2
2013,hall,2
2013,hemodinâmico,2
2013,high,2
2013,history,2
2013,idade,2
2013,ilha,2
2013,iniciais,2
2013,instrucionais,2
2013,laboratório,2
2013,lei,2
2013,leis,2
2013,linear,2
2013,livre,2
2013,macrofotografia,2
2013,mapas,2
2013,massa,2
2013,materials,2
2013,mechanics,2
2013,mediação,2
2013,moderna,2
2013,método,2
2013,nanociência,2
2013,nanotecnologia,2
2013,ondas,2
2013,particle,2
2013,partículas,2
2013,pendulum,2
2013,periodímetro,2
2013,pic,2
2013,pêndulo,2
2013,relógio,2
2013,sala,2
2013,sensor,2
2013,sol,2
2013,supercondutividade,2
2013,tecnologias,2
2013,teoria,2
2013,termodinâmica,2
2013,terra,2
2013,thermal,2
2013,ufrj,2
2013,utilizando,2
2014,abordagem,2
2014,activity,2
2014,análise,2
2014,aquecimento,2
2014,atividade,2
2014,atomic,2
2014,ausubel,2
2014,biofísica,2
2014,ciclos,2
2014,cinético,2
2014,ciências,2
2014,construção,2
2014,curricular,2
2014,curriculum,2
2014,currículo,2
2014,deficientes,2
2014,dilatação,2
2014,dinâmica,2
2014,dynamics,2
2014,education,2
2014,enem,2
2014,energy,2
2014,enfermagem,2
2014,estudo,2
2014,eólica,2
2014,forças,2
2014,freios,2
2014,friction,2
2014,high,2
2014,integração,2
2014,interdisciplinar,2
2014,massa,2
2014,medida,2
2014,montagem,2
2014,movimento,2
2014,máquina,2
2014,optics,2
2014,oscilatório,2
2014,partículas,2
2014,problemas,2
2014,propagação,2
2014,quot,2
2014,radioamadorismo,2
2014,relatividade,2
2014,restrita,2
2014,rolamento,2
2014,sbm20,2
2014,scientific,2
2014,simulação,2
2014,software,2
2014,temperatura,2
2014,teoria,2
2014,tracker,2
2014,térmica,2
2014,variável,2
2014,visuais,2
2014,volumes,2
2014,vygotsky,2
2014,vídeo,2
2014,áreas,2
2014,óptica,2
2015,adultos,2
2015,alternativas,2
2015,alternative,2
2015,alunos,2
2015,astronomia,2
2015,atividade,2
2015,bernoulli,2
2015,básicas,2
2015,calor,2
2015,característica,2
2015,circularmente,2
2015,conceitos,2
2015,conceptions,2
2015,constante,2
2015,coriolis,2
2015,curva,2
2015,custo,2
2015,diagnóstica,2
2015,didático,2
2015,didáticos,2
2015,diodo,2
2015,disciplinas,2
2015,education,2
2015,efeito,2
2015,effect,2
2015,energia,2
2015,energy,2
2015,escoamentos,2
2015,esfera,2
2015,estudo,2
2015,experiment,2
2015,formativa,2
2015,geofísicos,2
2015,geometria,2
2015,giratória,2
2015,guitarra,2
2015,history,2
2015,inércia,2
2015,italic,2
2015,jovens,2
2015,levitação,2
2015,livros,2
2015,magnus,2
2015,mass,2
2015,mesa,2
2015,metodologia,2
2015,modellus,2
2015,modfets,2
2015,médio,2
2015,nature,2
2015,perseguição,2
2015,poe,2
2015,polarizada,2
2015,problemas,2
2015,projeto,2
2015,relatividade,2
2015,semicondutores,2
2015,simulação,2
2015,sub,2
2015,superior,2
2015,taylor,2
2015,tensor,2
2015,transistores,2
2015,videoanálise,2
2015,voltagem,2
2015,vídeos,2
2015,óptica,2
2016,abordagem,2
2016,astronômica,2
2016,atrito,2
2016,caracterização,2
2016,catenária,2
2016,centro,2
2016,científica,2
2016,comunicação,2
2016,conceituais,2
2016,construção,2
2016,cost,2
2016,cromática,2
2016,disco,2
2016,education,2
2016,effect,2
2016,escape,2
2016,estabilidade,2
2016,estatística,2
2016,estrelas,2
2016,experimental,2
2016,experimento,2
2016,gotas,2
2016,hardware,2
2016,imagens,2
2016,inércia,2
2016,labview,2
2016,learning,2
2016,lente,2
2016,livre,2
2016,low,2
2016,m,2
2016,massa,2
2016,medidas,2
2016,médio,2
2016,negras,2
2016,optics,2
2016,particle,2
2016,plataforma,2
2016,polarização,2
2016,postural,2
2016,projetor,2
2016,queda,2
2016,quot,2
2016,smartphones,2
2016,tablets,2
2016,trânsito,2
2016,térmica,2
2016,unidade,2
2016,velocidade,2
2016,velocity,2
2016,videoanálise,2
2016,virtual,2
2016,visão,2
2016,vênus,2
2017,abertos,2
2017,active,2
2017,aplicada,2
2017,aplicativo,2
2017,arduíno,2
2017,astronomer,2
2017,astronomy,2
2017,calor,2
2017,científica,2
2017,circuits,2
2017,ciência,2
2017,ciências,2
2017,coeficiente,2
2017,colisões,2
2017,corpos,2
2017,cost,2
2017,diagrama,2
2017,dinâmica,2
2017,divulgação,2
2017,elétrico,2
2017,elétricos,2
2017,escura,2
2017,estágio,2
2017,fases,2
2017,fauna,2
2017,generator,2
2017,geométrica,2
2017,habitável,2
2017,harmonic,2
2017,harmônico,2
2017,high,2
2017,history,2
2017,ilha,2
2017,implementação,2
2017,incerteza,2
2017,laboratory,2
2017,learning,2
2017,livro,2
2017,low,2
2017,matéria,2
2017,mechanics,2
2017,meteorologia,2
2017,metodologia,2
2017,motor,2
2017,ohm,2
2017,oscilador,2
2017,perguntas,2
2017,phase,2
2017,plickers,2
2017,pôr,2
2017,recetor,2
2017,resolução,2
2017,restituição,2
2017,simulador,2
2017,sol,2
2017,solar,2
2017,supervisionado,2
2017,system,2
2017,séries,2
2017,textos,2
2017,trifásico,2
2017,urbana,2
2017,virial,2
2017,voltâmetro,2
2017,votação,2
2017,zona,2
2017,água,2
2017,óptica,2
2018,039,2
2018,12.1,2
2018,abertura,2
2018,acústica,2
2018,alternativas,2
2018,ansys,2
2018,aproximações,2
2018,arduino,2
2018,atividades,2
2018,avogadro,2
2018,braille,2
2018,brasil,2
2018,cfx,2
2018,circuitos,2
2018,clapeyron,2
2018,clausius,2
2018,computacional,2
2018,conceptions,2
2018,der,2
2018,didática,2
2018,didáticos,2
2018,diurna,2
2018,education,2
2018,elétrica,2
2018,elétrico,2
2018,energia,2
2018,equation,2
2018,equação,2
2018,escala,2
2018,experimental,2
2018,experimento,2
2018,fenômenos,2
2018,fluid,2
2018,formação,2
2018,fotogate,2
2018,funções,2
2018,garrafa,2
2018,geométrica,2
2018,gravitação,2
2018,hc,2
2018,hertz,2
2018,history,2
2018,imagens,2
2018,investigativas,2
2018,laboratórios,2
2018,large,2
2018,lectures,2
2018,lei,2
2018,lineares,2
2018,material,2
2018,mecânica,2
2018,medida,2
2018,memorial,2
2018,method,2
2018,motivacionais,2
2018,movimento,2
2018,nature,2
2018,non,2
2018,ondas,2
2018,ondulatórios,2
2018,optics,2
2018,orientações,2
2018,oscilações,2
2018,padrões,2
2018,paralaxe,2
2018,photogate,2
2018,problemas,2
2018,pêndulo,2
2018,richard,2
2018,s,2
2018,scale,2
2018,scientific,2
2018,softwares,2
2018,sol,2
2018,sr04,2
2018,superfície,2
2018,theory,2
2018,transmissão,2
2018,trigonométrica,2
2018,van,2
2018,visual,2
2018,waals,2
2018,waves,2
2019,abordagem,2
2019,acomodação,2
2019,aplicada,2
2019,aquisição,2
2019,ativa,2
2019,atividades,2
2019,autoeficácia,2
2019,automodulação,2
2019,automática,2
2019,avaliação,2
2019,basic,2
2019,bioimpedance,2
2019,básicos,2
2019,capacitor,2
2019,ciência,2
2019,ciências,2
2019,composição,2
2019,computer,2
2019,concepts,2
2019,constante,2
2019,corporal,2
2019,cronbach,2
2019,dielétrica,2
2019,distância,2
2019,efeito,2
2019,eletrodinâmica,2
2019,eletromagnetismo,2
2019,equilibrium,2
2019,espacial,2
2019,espectroscopia,2
2019,estelar,2
2019,estratégia,2
2019,fase,2
2019,fermi,2
2019,físicas,2
2019,gamificação,2
2019,gases,2
2019,gif,2
2019,grandezas,2
2019,guide,2
2019,high,2
2019,inclinado,2
2019,indução,2
2019,interdisciplinaridade,2
2019,interdisciplinarity,2
2019,interference,2
2019,interferência,2
2019,lab,2
2019,laser,2
2019,led,2
2019,limiting,2
2019,linear,2
2019,luminosidade,2
2019,oersted,2
2019,optical,2
2019,plano,2
2019,potencial,2
2019,pressão,2
2019,principles,2
2019,princípios,2
2019,python,2
2019,quase,2
2019,radiações,2
2019,realização,2
2019,relativity,2
2019,remote,2
2019,s,2
2019,seebeck,2
2019,self,2
2019,special,2
2019,tecnologias,2
2019,teoria,2
2019,tradicional,2
2019,transmissão,2
2019,trânsito,2
2019,tubo,2
2019,utilizando,2
2019,utilização,2
2019,validação,2
2019,virial,2
2019,virtual,2
2020,abertos,2
2020,activity,2
2020,aglomerados,2
2020,air,2
2020,aluno,2
2020,arduino,2
2020,associação,2
2020,atenuação,2
2020,atrito,2
2020,bakhtin,2
2020,baseada,2
2020,beer,2
2020,bicarbonato,2
2020,bnct,2
2020,boltzmann,2
2020,campo,2
2020,caso,2
2020,cinética,2
2020,clausius,2
2020,cognitiva,2
2020,colegas,2
2020,comunidades,2
2020,conceitos,2
2020,conceitual,2
2020,constant,2
2020,constante,2
2020,contextualização,2
2020,corpos,2
2020,cosmology,2
2020,course,2
2020,custo,2
2020,céu,2
2020,deficiência,2
2020,densidade,2
2020,design,2
2020,electrodynamics,2
2020,eletrodinâmica,2
2020,elétrico,2
2020,endf,2
2020,engenharia,2
2020,escuro,2
2020,exoplaneta,2
2020,ferramenta,2
2020,fidget,2
2020,flexibilidade,2
2020,fnde,2
2020,foguete,2
2020,frame,2
2020,funções,2
2020,gases,2
2020,geométrica,2
2020,graphs,2
2020,gravidade,2
2020,high,2
2020,hipermídia,2
2020,instrução,2
2020,lambert,2
2020,langevin,2
2020,livro,2
2020,líquidos,2
2020,lúdica,2
2020,massa,2
2020,material,2
2020,maxwell,2
2020,meaningful,2
2020,mecânica,2
2020,mecânicas,2
2020,media,2
2020,medida,2
2020,modelos,2
2020,molas,2
2020,mossotti,2
2020,movimento,2
2020,método,2
2020,objeto,2
2020,ondas,2
2020,optics,2
2020,oscilações,2
2020,paralelo,2
2020,parâmetros,2
2020,planetário,2
2020,pmtu,2
2020,pnld,2
2020,potencialmente,2
2020,pressão,2
2020,quadro,2
2020,quase,2
2020,queda,2
2020,reflexão,2
2020,refração,2
2020,resistance,2
2020,revisada,2
2020,robótica,2
2020,rockets,2
2020,rolamento,2
2020,school,2
2020,sensor,2
2020,simulador,2
2020,smartphone,2
2020,solar,2
2020,som,2
2020,speed,2
2020,spring,2
2020,student,2
2020,study,2
2020,systems,2
2020,taxonomia,2
2020,terminal,2
2020,termodinâmica,2
2020,ueps,2
2020,unidade,2
2020,validação,2
2020,video,2
2020,visual,2
2020,voo,2
2020,vídeos,2
2021,50,2
2021,alfabetização,2
2021,alunos,2
2021,ap50,2
2021,aplicativo,2
2021,aulas,2
2021,axioma,2
2021,base,2
2021,baseada,2
2021,based,2
2021,biofísica,2
2021,bobina,2
2021,braile,2
2021,brasil,2
2021,brazilian,2
2021,buoyancy,2
2021,c,2
2021,carathéodory’s,2
2021,caso,2
2021,científicas,2
2021,ciência,2
2021,complexity,2
2021,computacional,2
2021,computação,2
2021,conceitual,2
2021,contexto,2
2021,contrastação,2
2021,contínua,2
2021,cost,2
2021,criativa,2
2021,cromosférica,2
2021,curricular,2
2021,currículos,2
2021,densímetro,2
2021,desafios,2
2021,didáticos,2
2021,dissertações,2
2021,educacionais,2
2021,educational,2
2021,effect,2
2021,elaboração,2
2021,elasticidade,2
2021,eletromagnéticas,2
2021,empuxo,2
2021,empírica,2
2021,experience,2
2021,experiência,2
2021,exposigoes,2
2021,fci,2
2021,ferramenta,2
2021,fontes,2
2021,fotoelétrico,2
2021,fresnel,2
2021,físicos,2
2021,galilei,2
2021,games,2
2021,graduação,2
2021,gênero,2
2021,históricos,2
2021,híbrida,2
2021,híbrido,2
2021,ibm,2
2021,innovation,2
2021,instrução,2
2021,interativa,2
2021,interferometer,2
2021,interferência,2
2021,law,2
2021,likert,2
2021,literacy,2
2021,literatura,2
2021,literature,2
2021,low,2
2021,material,2
2021,meaningful,2
2021,mecánica,2
2021,methodology,2
2021,metodológica,2
2021,modern,2
2021,moderna,2
2021,molecular,2
2021,motivação,2
2021,máquina,2
2021,métodos,2
2021,módulo,2
2021,natural,2
2021,neurociência,2
2021,new,2
2021,online,2
2021,pandemia,2
2021,pares,2
2021,partículas,2
2021,photoelectric,2
2021,physical,2
2021,plataforma,2
2021,poluição,2
2021,primárias,2
2021,principle,2
2021,princípio,2
2021,produtos,2
2021,python,2
2021,radiation,2
2021,radiação,2
2021,recursos,2
2021,relatividade,2
2021,relato,2
2021,review,2
2021,science,2
2021,sequências,2
2021,significativa,2
2021,simetrias,2
2021,sol,2
2021,solares,2
2021,sound,2
2021,sun,2
2021,teacher,2
2021,termodinâmica,2
2021,teórico,2
2021,theoretical,2
2021,tinkercad,2
2021,training,2
2021,tubo,2
2021,ufrj,2
2021,uncertainties,2
2021,utilizando,2
2021,variável,2
2021,virial,2
2021,virtual,2
2021,vlasov,2
2021,waves,2
2021,xps,2
2022,19,2
2022,1940,2
2022,1980,2
2022,acadêmico,2
2022,acelerômetro,2
2022,activities,2
2022,aerodinâmica,2
2022,ar,2
2022,astronomy,2
2022,autos,2
2022,avaliação,2
2022,based,2
2022,bncc,2
2022,brinquedos,2
2022,celular,2
2022,ciencias,2
2022,ciências,2
2022,computação,2
2022,cosmology,2
2022,covid,2
2022,covid19,2
2022,curso,2
2022,custo,2
2022,câmara,2
2022,cósmicos,2
2022,desempenho,2
2022,desenvolvimento,2
2022,deutsch,2
2022,dewey,2
2022,digitais,2
2022,educacional,2
2022,efeito,2
2022,elementares,2
2022,eletromotriz,2
2022,engenharia,2
2022,espectrais,2
2022,espectral,2
2022,espontânea,2
2022,estratégias,2
2022,estrelas,2
2022,estudo,2
2022,expansão,2
2022,experience,2
2022,experiment,2
2022,experimental,2
2022,experimentation,2
2022,fejér,2
2022,fidget,2
2022,formativas,2
2022,força,2
2022,fuzzy,2
2022,gamificação,2
2022,geométrica,2
2022,gerador,2
2022,gravitação,2
2022,gráfica,2
2022,guias,2
2022,ibm,2
2022,incerteza,2
2022,instantânea,2
2022,instrucional,2
2022,integrada,2
2022,jornadas,2
2022,linear,2
2022,livro,2
2022,livros,2
2022,magnetic,2
2022,matemático,2
2022,matrix,2
2022,matriz,2
2022,meaningful,2
2022,mechanics,2
2022,mental,2
2022,methodology,2
2022,modelagem,2
2022,modos,2
2022,momentos,2
2022,motivation,2
2022,motivação,2
2022,motores,2
2022,médica,2
2022,método,2
2022,música,2
2022,nuvens,2
2022,núcleo,2
2022,ondas,2
2022,optics,2
2022,organização,2
2022,osciladores,2
2022,pandemia,2
2022,partículas,2
2022,pedagógicos,2
2022,phet,2
2022,portable,2
2022,portáteis,2
2022,portátil,2
2022,potência,2
2022,princípio,2
2022,professor,2
2022,quebra,2
2022,radiação,2
2022,referência,2
2022,remote,2
2022,resistência,2
2022,resources,2
2022,ressonantes,2
2022,retangulares,2
2022,series,2
2022,simetria,2
2022,solar,2
2022,spinner,2
2022,stars,2
2022,série,2
2022,teacher,2
2022,termometria,2
2022,teórico,2
2022,utilizando,2
2022,video,2
2022,visualização,2
2012,abordando,1
2012,accuracy,1
2012,acuracia,1
2012,acurácia,1
2012,angola,1
2012,approach,1
2012,aprendizado,1
2012,apresentação,1
2012,articulação,1
2012,astronomy,1
2012,atmosféricas,1
2012,autores,1
2012,auxiliar,1
2012,average,1
2012,bacharelado,1
2012,base,1
2012,bobina,1
2012,brasileiro,1
2012,campos,1
2012,card,1
2012,cargas,1
2012,carriers,1
2012,characterization,1
2012,charge,1
2012,cinemática,1
2012,classroom,1
2012,clássica,1
2012,coil,1
2012,computacionais,1
2012,computador,1
2012,computer,1
2012,conceitos,1
2012,conceptuais,1
2012,conductor,1
2012,conhecimentos,1
2012,construção,1
2012,continuada,1
2012,crianças,1
2012,curriculares,1
2012,curriculum,1
2012,curso,1
2012,céu,1
2012,descontinuidade,1
2012,didática,1
2012,diffraction,1
2012,difração,1
2012,dimensões,1
2012,discontinuity,1
2012,educacional,1
2012,educação,1
2012,effect,1
2012,electric,1
2012,electromagnetic,1
2012,electromotive,1
2012,eletromotriz,1
2012,empírica,1
2012,esclarecida,1
2012,espalhamento,1
2012,exercício,1
2012,experimental,1
2012,experimentation,1
2012,experiments,1
2012,field,1
2012,fields,1
2012,film,1
2012,force,1
2012,físicos,1
2012,graphical,1
2012,gráficas,1
2012,historical,1
2012,histórica,1
2012,inclinado,1
2012,inclined,1
2012,induction,1
2012,infrared,1
2012,iniciais,1
2012,initial,1
2012,instantaneous,1
2012,instigada,1
2012,instruction,1
2012,integration,1
2012,interference,1
2012,interferência,1
2012,kinematics,1
2012,kuhnian,1
2012,laboratório,1
2012,learning,1
2012,leste,1
2012,livro,1
2012,livros,1
2012,lorosa,1
2012,materiais,1
2012,materials,1
2012,measure,1
2012,mecânica,1
2012,medio,1
2012,mirror,1
2012,mobilidade,1
2012,mobility,1
2012,modelling,1
2012,modelos,1
2012,models,1
2012,método,1
2012,nacional,1
2012,nanoscience,1
2012,nanotechnology,1
2012,nature,1
2012,natureza,1
2012,nuvens,1
2012,observando,1
2012,observations,1
2012,observação,1
2012,orientação,1
2012,palavra,1
2012,pesquisa,1
2012,placa,1
2012,plane,1
2012,plano,1
2012,polarization,1
2012,polarização,1
2012,portadores,1
2012,practices,1
2012,praticando,1
2012,presença,1
2012,problem,1
2012,processes,1
2012,processos,1
2012,professional,1
2012,project,1
2012,projects,1
2012,projetos,1
2012,propriedades,1
2012,práticas,1
2012,quantificando,1
2012,quantitativa,1
2012,quantitative,1
2012,reflection,1
2012,reflexão,1
2012,refraction,1
2012,refração,1
2012,representations,1
2012,representações,1
2012,research,1
2012,resistividade,1
2012,resistivity,1
2012,retirada,1
2012,revisão,1
2012,scattering,1
2012,science,1
2012,sciences,1
2012,secondary,1
2012,secundário,1
2012,series,1
2012,simples,1
2012,simulation,1
2012,simulations,1
2012,simulações,1
2012,sirene,1
2012,situation,1
2012,situação,1
2012,situações,1
2012,software,1
2012,solenoid,1
2012,solenoide,1
2012,som,1
2012,sound,1
2012,strategy,1
2012,surface,1
2012,séries,1
2012,technological,1
2012,textbook,1
2012,textos,1
2012,teóricos,1
2012,thin,1
2012,timer,1
2012,toque,1
2012,transporte,1
2012,transposition,1
2012,transposição,1
2012,tópicos,1
2012,universidade,1
2012,velocidades,1
2013,039,1
2013,1,1
2013,100,1
2013,abordagem,1
2013,accelerators,1
2013,aceleradores,1
2013,activities,1
2013,adaptado,1
2013,aferição,1
2013,age,1
2013,analemmatic,1
2013,analogia,1
2013,analogies,1
2013,analogy,1
2013,analêmico,1
2013,análise,1
2013,articulam,1
2013,assessment,1
2013,astronomy,1
2013,astrophysics,1
2013,auditiva,1
2013,aulas,1
2013,baseada,1
2013,bilingual,1
2013,bilíngue,1
2013,bilíngues,1
2013,biophysics,1
2013,calor,1
2013,caminhos,1
2013,center,1
2013,circulatory,1
2013,circulatório,1
2013,circulação,1
2013,ciências,1
2013,classroom,1
2013,coefficient,1
2013,coeficiente,1
2013,coletivos,1
2013,collider,1
2013,competencies,1
2013,competências,1
2013,computacional,1
2013,computer,1
2013,conceito,1
2013,conduction,1
2013,condução,1
2013,construção,1
2013,contextualization,1
2013,contextualização,1
2013,cooperativa,1
2013,cooperative,1
2013,cooperativo,1
2013,cordas,1
2013,corpo,1
2013,corpos,1
2013,cosmic,1
2013,cost,1
2013,curricula,1
2013,curricular,1
2013,custo,1
2013,cósmicos,1
2013,data,1
2013,debate,1
2013,deficiência,1
2013,densidade,1
2013,desenvolvimento,1
2013,determinação,1
2013,dialectical,1
2013,didactical,1
2013,didática,1
2013,didáticos,1
2013,diferentes,1
2013,disability,1
2013,earth,1
2013,educacional,1
2013,educational,1
2013,educação,1
2013,electric,1
2013,electricity,1
2013,electrostatics,1
2013,elementary,1
2013,eletrostática,1
2013,elétrico,1
2013,empirism,1
2013,empirismo,1
2013,energy,1
2013,ensinando,1
2013,equipotenciais,1
2013,escolar,1
2013,esportes,1
2013,estelar,1
2013,estelares,1
2013,estrelas,1
2013,evaluation,1
2013,expansão,1
2013,experiment,1
2013,experimental,1
2013,experimentation,1
2013,experiments,1
2013,explorando,1
2013,fenomenologia,1
2013,ferramenta,1
2013,filmados,1
2013,fio,1
2013,fsica,1
2013,geofísica,1
2013,hadron,1
2013,hastes,1
2013,hearing,1
2013,heat,1
2013,hemodynamic,1
2013,humana,1
2013,humano,1
2013,include,1
2013,inclusão,1
2013,innovation,1
2013,inovação,1
2013,inserção,1
2013,instructional,1
2013,instrumento,1
2013,interação,1
2013,island,1
2013,laboratory,1
2013,large,1
2013,law,1
2013,laws,1
2013,lhc,1
2013,low,1
2013,macro,1
2013,maps,1
2013,mass,1
2013,mediation,1
2013,medidas,1
2013,method,1
2013,methodology,1
2013,metálicas,1
2013,microcontrolado,1
2013,modern,1
2013,motivação,1
2013,movimento,1
2013,movimentos,1
2013,nanoscience,1
2013,nanotechnology,1
2013,natureza,1
2013,new,1
2013,passagens,1
2013,pedagógico,1
2013,periodmeter,1
2013,phenomenology,1
2013,philosophy,1
2013,photography,1
2013,physic,1
2013,planilha,1
2013,poderosa,1
2013,potencial,1
2013,potential,1
2013,produzidas,1
2013,proposta,1
2013,queda,1
2013,raios,1
2013,rays,1
2013,recorded,1
2013,recurso,1
2013,resonance,1
2013,resources,1
2013,ressonância,1
2013,revendo,1
2013,s,1
2013,saltos,1
2013,seconmd,1
2013,simple,1
2013,simples,1
2013,sport,1
2013,stars,1
2013,stationary,1
2013,statistical,1
2013,stellar,1
2013,sundial,1
2013,superconductivity,1
2013,série,1
2013,technologies,1
2013,technology,1
2013,temas,1
2013,temperatura,1
2013,theory,1
2013,thermodynamics,1
2013,use,1
2013,verificar,1
2013,video,1
2013,vision,1
2013,visualização,1
2013,visão,1
2013,vídeo,1
2013,vídeos,1
2013,waves,1
2014,alfabetização,1
2014,alternativa,1
2014,amateur,1
2014,analysis,1
2014,anomalia,1
2014,anomalies,1
2014,aplicada,1
2014,aplicação,1
2014,apolônio,1
2014,aprender,1
2014,areas,1
2014,associação,1
2014,atmosférica,1
2014,atmosféricas,1
2014,atmospheric,1
2014,atípico,1
2014,atômica,1
2014,atômicos,1
2014,avaliação,1
2014,aviões,1
2014,barométrica,1
2014,baseada,1
2014,based,1
2014,biophysics,1
2014,bohr,1
2014,brakes,1
2014,cern,1
2014,ciclópica,1
2014,científica,1
2014,científico,1
2014,clássica,1
2014,coeficiente,1
2014,computacional,1
2014,computational,1
2014,contemporânea,1
2014,custo,1
2014,cycles,1
2014,círculo,1
2014,demonstrativa,1
2014,demonstrative,1
2014,demonstração,1
2014,desempenho,1
2014,detector,1
2014,determinação,1
2014,dilatômetro,1
2014,direta,1
2014,disciplinas,1
2014,dispositivo,1
2014,dissemination,1
2014,divulgação,1
2014,ear,1
2014,educacional,1
2014,educational,1
2014,ensinando,1
2014,escala,1
2014,escalas,1
2014,espectroscopia,1
2014,espelho,1
2014,espelhos,1
2014,estudantes,1
2014,evento,1
2014,expansion,1
2014,experimento,1
2014,external,1
2014,externo,1
2014,extinção,1
2014,eye,1
2014,fluorimeter,1
2014,fluorímetro,1
2014,fone,1
2014,forces,1
2014,forcing,1
2014,formação,1
2014,forçamento,1
2014,frictional,1
2014,geométrica,1
2014,gps,1
2014,gulliver,1
2014,headset,1
2014,human,1
2014,humano,1
2014,imagem,1
2014,impaired,1
2014,inserção,1
2014,integration,1
2014,interdisciplinary,1
2014,investigativa,1
2014,investigative,1
2014,kinetic,1
2014,laboratory,1
2014,laboratório,1
2014,larga,1
2014,licenciatura,1
2014,liliputianos,1
2014,literacy,1
2014,machine,1
2014,maré,1
2014,marés,1
2014,mass,1
2014,material,1
2014,measurement,1
2014,mechanics,1
2014,mecânica,1
2014,mecânico,1
2014,middle,1
2014,mirror,1
2014,modelo,1
2014,modelos,1
2014,models,1
2014,moderna,1
2014,motion,1
2014,natureza,1
2014,nursing,1
2014,observando,1
2014,oftalmologia,1
2014,oftalmoscopia,1
2014,oftalmoscópio,1
2014,olho,1
2014,onda,1
2014,ondas,1
2014,ophthalmology,1
2014,ophthalmoscope,1
2014,oscillatory,1
2014,particles,1
2014,perseguição,1
2014,perspectiva,1
2014,pesquisa,1
2014,placa,1
2014,planos,1
2014,porta,1
2014,posicionamento,1
2014,preocupante,1
2014,pressão,1
2014,problem,1
2014,problems,1
2014,professores,1
2014,propagation,1
2014,proportions,1
2014,proporções,1
2014,proposta,1
2014,pursuit,1
2014,quantum,1
2014,questões,1
2014,quântica,1
2014,radio,1
2014,radioactive,1
2014,radioativo,1
2014,realidade,1
2014,reflection,1
2014,reflexão,1
2014,renewable,1
2014,renovável,1
2014,respaldada,1
2014,rolling,1
2014,scales,1
2014,science,1
2014,secondary,1
2014,sensores,1
2014,simulation,1
2014,sonora,1
2014,sonoras,1
2014,sound,1
2014,spectroscopy,1
2014,technology,1
2014,tecnológica,1
2014,temperature,1
2014,teste,1
2014,thermal,1
2014,tide,1
2014,torpedo,1
2014,transmissão,1
2014,tubo,1
2014,tópicos,1
2014,usando,1
2014,variable,1
2014,via,1
2014,video,1
2014,visually,1
2014,warming,1
2014,waves,1
2014,wind,1
2014,átomo,1
2015,2,1
2015,aberto,1
2015,accelerations,1
2015,aceleração,1
2015,adult,1
2015,aerodinâmica,1
2015,alta,1
2015,analysis,1
2015,analítica,1
2015,aprendizagem,1
2015,arrasto,1
2015,assessment,1
2015,astrofísica,1
2015,astronomy,1
2015,ativa,1
2015,atrito,1
2015,audiovisuais,1
2015,audiovisual,1
2015,aula,1
2015,aumento,1
2015,bases,1
2015,basic,1
2015,beetle,1
2015,besouro,1
2015,bolas,1
2015,campo,1
2015,características,1
2015,cartum,1
2015,characteristic,1
2015,chave,1
2015,cidadã,1
2015,científica,1
2015,cinemática,1
2015,cinético,1
2015,circularly,1
2015,citizen,1
2015,ciências,1
2015,column,1
2015,coluna,1
2015,comentada,1
2015,communication,1
2015,conceituais,1
2015,concept,1
2015,conduction,1
2015,condução,1
2015,conservation,1
2015,conservação,1
2015,constant,1
2015,cores,1
2015,cost,1
2015,course,1
2015,courseware,1
2015,current,1
2015,curso,1
2015,curtos,1
2015,curvas,1
2015,curve,1
2015,código,1
2015,demonstrativo,1
2015,desenvolvimento,1
2015,determinação,1
2015,diagnostic,1
2015,didática,1
2015,dinâmica,1
2015,diode,1
2015,disciplina,1
2015,disciplines,1
2015,discordâncas,1
2015,discutindo,1
2015,distance,1
2015,distância,1
2015,distância:uma,1
2015,divulgação,1
2015,dragging,1
2015,dynamics,1
2015,educacional,1
2015,educational,1
2015,elementos,1
2015,eletrônica,1
2015,eletrônicas,1
2015,ensinar,1
2015,epistemológicas,1
2015,equivalence,1
2015,equivalência,1
2015,escaravelho,1
2015,espontâneas,1
2015,estações,1
2015,estudantes,1
2015,evaluations,1
2015,ferramenta,1
2015,field,1
2015,fluid,1
2015,formative,1
2015,friction,1
2015,fundamentos,1
2015,físicos,1
2015,general,1
2015,geometry,1
2015,geométrica,1
2015,geophysical,1
2015,graduação,1
2015,guitar,1
2015,heat,1
2015,higher,1
2015,horizontal,1
2015,ict,1
2015,inertia,1
2015,informatics,1
2015,informática,1
2015,inovadora,1
2015,inspirada,1
2015,instrumentation,1
2015,instrumentação,1
2015,instrumento,1
2015,introduzindo,1
2015,início,1
2015,kinematics,1
2015,kinetic,1
2015,lançamento,1
2015,learning,1
2015,levitation,1
2015,low,1
2015,lâminas,1
2015,maglev,1
2015,maglevs,1
2015,magnetic,1
2015,magnético,1
2015,material,1
2015,mecânica,1
2015,meteorológica,1
2015,meteorológicas,1
2015,methodology,1
2015,metric,1
2015,mobilidade,1
2015,modalidade,1
2015,modelo,1
2015,métrico,1
2015,nanoestruturas,1
2015,nanostructures,1
2015,obter,1
2015,onda,1
2015,operação,1
2015,optics,1
2015,palavras,1
2015,pesquisa,1
2015,plates,1
2015,polarization,1
2015,poços,1
2015,principle,1
2015,princípio,1
2015,princípios,1
2015,problematização,1
2015,problems,1
2015,produzida,1
2015,proposta,1
2015,pursuit,1
2015,quantidade,1
2015,quantum,1
2015,quânticos,1
2015,rail,1
2015,realidade,1
2015,recursos,1
2015,relativity,1
2015,resgate,1
2015,resources,1
2015,restrita,1
2015,riemaniana,1
2015,riemannian,1
2015,riemanniana,1
2015,rotating,1
2015,s,1
2015,sala,1
2015,scarab,1
2015,semiconductors,1
2015,sequência,1
2015,shadow,1
2015,simulations,1
2015,sombra,1
2015,sombras,1
2015,superconductors,1
2015,supercondutora,1
2015,supercondutores,1
2015,século,1
2015,table,1
2015,tecnológico,1
2015,textbooks,1
2015,theory,1
2015,tic,1
2015,tradução,1
2015,transistors,1
2015,trilho,1
2015,térmicos,1
2015,tópicos,1
2015,university,1
2015,universitária,1
2015,universitário,1
2015,uso,1
2015,vantagens,1
2015,video,1
2015,videos,1
2015,vivo,1
2015,voltage,1
2015,weather,1
2015,wells,1
2015,xx,1
2015,youth,1
2016,abordagens,1
2016,acceleration,1
2016,accleration,1
2016,activity,1
2016,adapta,1
2016,alunos,1
2016,analysis,1
2016,animadas,1
2016,animations,1
2016,animações,1
2016,antigo,1
2016,aparato,1
2016,apresentadas,1
2016,astronomia,1
2016,astronomical,1
2016,astronomy,1
2016,atividade,1
2016,automático,1
2016,biomechanics,1
2016,biomecânica,1
2016,black,1
2016,buracos,1
2016,básicas,1
2016,calor,1
2016,capacidade,1
2016,catenary,1
2016,center,1
2016,characterization,1
2016,chave,1
2016,chromatic,1
2016,cinemática,1
2016,cinesiologia,1
2016,coloridos,1
2016,communication,1
2016,conceptual,1
2016,contagem,1
2016,contagens,1
2016,contribuições,1
2016,corpos,1
2016,counting,1
2016,cronômetro,1
2016,curva,1
2016,dark,1
2016,demonstration,1
2016,desenvolvimento,1
2016,didáticas,1
2016,dificuldades,1
2016,dinâmica,1
2016,disk,1
2016,dissipation,1
2016,dissipação,1
2016,drops,1
2016,eletromagnéticas,1
2016,elevador,1
2016,energia,1
2016,energy,1
2016,estudo,1
2016,evento,1
2016,experiment,1
2016,fall,1
2016,finais,1
2016,formation,1
2016,formação,1
2016,forças,1
2016,fotoelétrico,1
2016,free,1
2016,friction,1
2016,físicas,1
2016,g,1
2016,geração,1
2016,gravidade,1
2016,gravitation,1
2016,gravitational,1
2016,gravitação,1
2016,gráficos,1
2016,hands,1
2016,heat,1
2016,high,1
2016,histerese,1
2016,hok,1
2016,holes,1
2016,hysteresis,1
2016,image,1
2016,index,1
2016,inertia,1
2016,instrumentation,1
2016,instrumentação,1
2016,instrumentos,1
2016,interdisciplinares,1
2016,interval,1
2016,intervalos,1
2016,kinematics,1
2016,kinesiology,1
2016,laboratórios,1
2016,laplace,1
2016,laws,1
2016,leds,1
2016,lei,1
2016,leis,1
2016,lens,1
2016,linear,1
2016,loop,1
2016,luxímetro,1
2016,magnetic,1
2016,magnética,1
2016,mass,1
2016,matemática,1
2016,matemáticas,1
2016,material,1
2016,materials,1
2016,mathematica,1
2016,mathematics,1
2016,measurements,1
2016,mechanical,1
2016,mecânica,1
2016,medida,1
2016,medindo,1
2016,michell,1
2016,moderno,1
2016,modificar,1
2016,movimento,1
2016,negros,1
2016,nonlinear,1
2016,obtenção,1
2016,onda,1
2016,ondas,1
2016,optical,1
2016,pak,1
2016,papel,1
2016,participantes,1
2016,partículas,1
2016,percepções,1
2016,períodos,1
2016,photoelectric,1
2016,photogate,1
2016,placa,1
2016,polarization,1
2016,posturas,1
2016,problemas,1
2016,problems,1
2016,professores,1
2016,projector,1
2016,propagação,1
2016,propriedades,1
2016,pulse,1
2016,pulso,1
2016,radiation,1
2016,radiação,1
2016,real,1
2016,refractive,1
2016,refração,1
2016,reproduzido,1
2016,rotation,1
2016,rotação,1
2016,rígidos,1
2016,school,1
2016,scientific,1
2016,simples,1
2016,simulações,1
2016,smartphone,1
2016,stability,1
2016,stars,1
2016,statistics,1
2016,stellarium,1
2016,stopwatch,1
2016,superfícies,1
2016,tablet,1
2016,tempos,1
2016,thermal,1
2016,time,1
2016,transit,1
2016,translation,1
2016,translação,1
2016,unity,1
2016,uso,1
2016,venus,1
2016,verificação,1
2016,video,1
2016,virtuais,1
2016,vision,1
2016,índice,1
2017,039,1
2017,1917,1
2017,1991,1
2017,2015,1
2017,2017,1
2017,a.c,1
2017,acesso,1
2017,agricultural,1
2017,agrárias,1
2017,amadora,1
2017,amateur,1
2017,analogias,1
2017,analogies,1
2017,analysis,1
2017,aplicações,1
2017,apolo,1
2017,application,1
2017,applied,1
2017,aproveitamento,1
2017,arduino,1
2017,associação,1
2017,astro3d,1
2017,astrobiologia,1
2017,astrobiology,1
2017,astrônomos,1
2017,atividade,1
2017,aulas,1
2017,avaliação,1
2017,book,1
2017,braking,1
2017,bridging,1
2017,c.a,1
2017,características,1
2017,cariclo,1
2017,caso,1
2017,celeste,1
2017,celestes,1
2017,celestial,1
2017,cinemática,1
2017,coefficient,1
2017,cognitive,1
2017,cognitivo,1
2017,cold,1
2017,colisão,1
2017,compreensão,1
2017,conceitos,1
2017,condição,1
2017,conflict,1
2017,conflito,1
2017,contextos,1
2017,contextualization,1
2017,contextualização,1
2017,conteúdo,1
2017,convergent,1
2017,correlation,1
2017,correlação,1
2017,critical,1
2017,crítica,1
2017,cursos,1
2017,curva,1
2017,curvas,1
2017,curve,1
2017,dark,1
2017,demonstrative,1
2017,demonstrativo,1
2017,desempenho,1
2017,desempenhos,1
2017,diagrams,1
2017,didactic,1
2017,didática,1
2017,disciplinas,1
2017,discourse,1
2017,discurso,1
2017,discussão,1
2017,distortion,1
2017,distorção,1
2017,dynamics,1
2017,efeito,1
2017,egressos,1
2017,eletricidade,1
2017,elevador,1
2017,endoergic,1
2017,endoérgicas,1
2017,escolar,1
2017,escolas,1
2017,esféricos,1
2017,espelhos,1
2017,estatístico,1
2017,estrada,1
2017,exoergic,1
2017,exoérgicas,1
2017,experiment,1
2017,experimento,1
2017,experimentos,1
2017,experiments,1
2017,explorando,1
2017,feitas,1
2017,fenômeno,1
2017,formação,1
2017,frenagem,1
2017,frenagens,1
2017,fria,1
2017,fundamental,1
2017,fácil,1
2017,físicos,1
2017,gain,1
2017,ganho,1
2017,generalizada,1
2017,generalized,1
2017,geometrical,1
2017,guerra,1
2017,habilitação,1
2017,habitabilidade,1
2017,habitability,1
2017,habitable,1
2017,hake,1
2017,harmônica,1
2017,heat,1
2017,ill,1
2017,inicial,1
2017,integrando,1
2017,interactive,1
2017,interativa,1
2017,interativas,1
2017,interdisciplinar,1
2017,interdisciplinaridade,1
2017,interdisciplinarity,1
2017,internship,1
2017,island,1
2017,kinematics,1
2017,laser,1
2017,law,1
2017,lei,1
2017,leitura,1
2017,leituras,1
2017,licenciandas,1
2017,literature,1
2017,maccone,1
2017,martins,1
2017,materiais,1
2017,material,1
2017,materials,1
2017,matter,1
2017,menores,1
2017,meteorology,1
2017,methods,1
2017,metodologias,1
2017,minor,1
2017,mirror,1
2017,model,1
2017,modelo,1
2017,motocicleta,1
2017,motocicletas,1
2017,motorcycle,1
2017,movimento,1
2017,multilevel,1
2017,multinível,1
2017,método,1
2017,normalized,1
2017,observando,1
2017,oficial,1
2017,optics,1
2017,oscillator,1
2017,panorâmico,1
2017,papel,1
2017,pati,1
2017,performance,1
2017,perspectiva,1
2017,pilha,1
2017,piloto,1
2017,placa,1
2017,planets,1
2017,popular,1
2017,presente,1
2017,problem,1
2017,problems,1
2017,professional,1
2017,profissional,1
2017,proposta,1
2017,pública,1
2017,quantum,1
2017,questions,1
2017,quântica,1
2017,reading,1
2017,reações,1
2017,receptor,1
2017,recicláveis,1
2017,recordações,1
2017,recyclable,1
2017,rede,1
2017,refletindo,1
2017,relations,1
2017,relativos,1
2017,relações,1
2017,research,1
2017,restitution,1
2017,review,1
2017,s,1
2017,sala,1
2017,sciences,1
2017,sequência,1
2017,series,1
2017,simples,1
2017,simulator,1
2017,smartphones,1
2017,sociedade,1
2017,society,1
2017,soil,1
2017,solo,1
2017,solving,1
2017,structured,1
2017,sunset,1
2017,supervised,1
2017,sítio,1
2017,technology,1
2017,tecnologia,1
2017,teorema,1
2017,termodinâmica,1
2017,textbook,1
2017,texto,1
2017,texts,1
2017,theorem,1
2017,three,1
2017,tipos,1
2017,traffic,1
2017,types,1
2017,técnica,1
2017,uncertainty,1
2017,universo,1
2017,urban,1
2017,utilização,1
2017,via,1
2017,voltaica,1
2017,voltameter,1
2017,voting,1
2017,war,1
2017,water,1
2017,zone,1
2018,2ograu,1
2018,abordagem,1
2018,abordagens,1
2018,acoustics,1
2018,activities,1
2018,alternador,1
2018,alternative,1
2018,alto,1
2018,alunos,1
2018,analógicos,1
2018,aperture,1
2018,aplicação,1
2018,approximations,1
2018,aprendizagem,1
2018,aprimorando,1
2018,aquisição,1
2018,astronomical,1
2018,astronômicas,1
2018,atomistic,1
2018,atomística,1
2018,aula,1
2018,bicarbonato,1
2018,bicicleta,1
2018,bolas,1
2018,borracha,1
2018,bottle,1
2018,brasileiros,1
2018,brazil,1
2018,browniano,1
2018,busca,1
2018,canais,1
2018,científica,1
2018,científicas,1
2018,circuits,1
2018,ciências,1
2018,clinical,1
2018,clássicos,1
2018,clínica,1
2018,colisões,1
2018,competências,1
2018,computational,1
2018,comunicação,1
2018,conceito,1
2018,conceituais,1
2018,condutor,1
2018,conferências,1
2018,considerações,1
2018,construção,1
2018,contextualization,1
2018,contextualização,1
2018,contribuição,1
2018,conversão,1
2018,cost,1
2018,curiosidade,1
2018,curiosity,1
2018,current,1
2018,curso,1
2018,daytime,1
2018,deficiente,1
2018,deficientes,1
2018,deficients,1
2018,descobertas,1
2018,descontinuidade,1
2018,desenvolvimento,1
2018,desigualdade,1
2018,desigualdades,1
2018,determinar,1
2018,didactic,1
2018,didáticas,1
2018,diferencia,1
2018,dificuldades,1
2018,digitais,1
2018,dinâmica,1
2018,discontinuity,1
2018,distance,1
2018,distância,1
2018,divulgacão,1
2018,divulgation,1
2018,divulgação,1
2018,dynamics,1
2018,educacionais,1
2018,educational,1
2018,educação,1
2018,electricity,1
2018,electrostatics,1
2018,eletricidade,1
2018,eletrostática,1
2018,elétricos,1
2018,energy,1
2018,ensinar,1
2018,entrevista,1
2018,epistemological,1
2018,epistemológica,1
2018,erros,1
2018,escola,1
2018,espaços,1
2018,espelhos,1
2018,estrelas,1
2018,exam,1
2018,exame,1
2018,exchange,1
2018,experiment,1
2018,experimentais,1
2018,experimentation,1
2018,experimentação,1
2018,experiência,1
2018,explanations,1
2018,explicações,1
2018,federal,1
2018,ferramenta,1
2018,ferramentas,1
2018,field,1
2018,filosofia,1
2018,finite,1
2018,finitos,1
2018,foguete,1
2018,foguetes,1
2018,force,1
2018,formais,1
2018,formal,1
2018,força,1
2018,functions,1
2018,função,1
2018,gas,1
2018,gases,1
2018,gaussian,1
2018,gaussiana,1
2018,gaussianas,1
2018,general,1
2018,geometric,1
2018,gravitation,1
2018,gráfico,1
2018,habilidades,1
2018,harmônico,1
2018,heat,1
2018,hologramas,1
2018,holograms,1
2018,holographic,1
2018,holográfica,1
2018,holográficas,1
2018,ii,1
2018,image,1
2018,imagem,1
2018,impact,1
2018,impacto,1
2018,implicações,1
2018,inequality,1
2018,inertia,1
2018,informais,1
2018,information,1
2018,informação,1
2018,ingênua,1
2018,integração,1
2018,interna,1
2018,interval,1
2018,intervalo,1
2018,interview,1
2018,investigative,1
2018,inércia,1
2018,laboratories,1
2018,larga,1
2018,law,1
2018,learning,1
2018,legado,1
2018,limitações,1
2018,livros,1
2018,lições,1
2018,low,1
2018,lucie,1
2018,lâminas,1
2018,lâmpada,1
2018,matemáticas,1
2018,mathematical,1
2018,measurement,1
2018,mechanics,1
2018,modelização,1
2018,modelling,1
2018,modelo,1
2018,moment,1
2018,momentum,1
2018,motivational,1
2018,motor,1
2018,naive,1
2018,number,1
2018,observations,1
2018,observações,1
2018,ondulatory,1
2018,orientations,1
2018,oscillations,1
2018,parabólicos,1
2018,parallax,1
2018,pará,1
2018,pattens,1
2018,pendulum,1
2018,período,1
2018,pesquisadores,1
2018,phenomena,1
2018,philosophy,1
2018,photogates,1
2018,pierre,1
2018,pirâmide,1
2018,pirâmides,1
2018,plana,1
2018,polinomial,1
2018,portas,1
2018,potencial,1
2018,potencialmente,1
2018,pressão,1
2018,problema,1
2018,problematization,1
2018,problematização,1
2018,process,1
2018,processamento,1
2018,processing,1
2018,produção,1
2018,professores,1
2018,proposta,1
2018,propulsionados,1
2018,psicométrica,1
2018,psicométricas,1
2018,psychometric,1
2018,pyramids,1
2018,qualidade,1
2018,quality,1
2018,quantum,1
2018,questões,1
2018,quântica,1
2018,química,1
2018,reação,1
2018,recorrência,1
2018,recursos,1
2018,relatividade,1
2018,relativity,1
2018,relato,1
2018,relevo,1
2018,reprodutoras,1
2018,resources,1
2018,resultados,1
2018,revisão,1
2018,rockets,1
2018,simple,1
2018,simulação,1
2018,socioeconomic,1
2018,socioeconômicas,1
2018,socioeconômico,1
2018,som,1
2018,spaces,1
2018,stars,1
2018,sun,1
2018,superfícies,1
2018,surface,1
2018,sódio,1
2018,teacher,1
2018,techniques,1
2018,technological,1
2018,technologies,1
2018,tecnologias,1
2018,tecnológicos,1
2018,time,1
2018,tool,1
2018,tools,1
2018,tradicionais,1
2018,training,1
2018,transducer,1
2018,transdutor,1
2018,transferência,1
2018,trigonometric,1
2018,trigonométricas,1
2018,técnicas,1
2018,ultrasound,1
2018,ultrassônica,1
2018,ultrassônicas,1
2018,universidade,1
2018,use,1
2018,uso,1
2018,utilizando,1
2018,validando,1
2018,validation,1
2018,validação,1
2018,vinagre,1
2018,visto,1
2018,visuais,1
2018,volume,1
2018,volumes,1
2018,ângulos,1
2018,ótica,1
2018,óticas,1
2019,accommodation,1
2019,acertos,1
2019,acquisition,1
2019,active,1
2019,activities,1
2019,adiabatic,1
2019,adiabática,1
2019,alfa,1
2019,algoritmo,1
2019,alpha,1
2019,animation,1
2019,animations,1
2019,animação,1
2019,animações,1
2019,aplicação,1
2019,aplicações,1
2019,applied,1
2019,approximation,1
2019,aprisionados,1
2019,aproximação,1
2019,artigo,1
2019,aspectos,1
2019,astrofísica,1
2019,astrophysics,1
2019,atividade,1
2019,automatic,1
2019,av,1
2019,ball,1
2019,baseada,1
2019,based,1
2019,beam,1
2019,beliefs,1
2019,bidimensional,1
2019,blindado,1
2019,blindness,1
2019,bola,1
2019,c,1
2019,calor,1
2019,campo,1
2019,características,1
2019,carregados,1
2019,caso,1
2019,cego,1
2019,científicas,1
2019,colaborativo,1
2019,coleta,1
2019,collaborative,1
2019,coloidais,1
2019,comentários,1
2019,comparativo,1
2019,compression,1
2019,compressão,1
2019,computacionais,1
2019,computacional,1
2019,computação,1
2019,computing,1
2019,conceituais,1
2019,consequências,1
2019,constant,1
2019,cost,1
2019,crenças,1
2019,cristalino,1
2019,crystalline,1
2019,current,1
2019,cursos,1
2019,data,1
2019,deaf,1
2019,demonstração,1
2019,desenvolvimento,1
2019,deutsch,1
2019,didatic,1
2019,didáticas,1
2019,didáticos,1
2019,dielectric,1
2019,distance,1
2019,distorções,1
2019,effect,1
2019,efficacy,1
2019,elaboração,1
2019,electricity,1
2019,electrodynamics,1
2019,electrostatic,1
2019,eletromagnéticas,1
2019,eletrost,1
2019,eletrostética,1
2019,episodes,1
2019,epistemológicos,1
2019,episódios,1
2019,estrelas,1
2019,estrutura,1
2019,evolução,1
2019,exothermic,1
2019,exotérmicas,1
2019,experiment,1
2019,experimentation,1
2019,experimentação,1
2019,exploratório,1
2019,feixe,1
2019,fermiônicos,1
2019,ferramenta,1
2019,field,1
2019,filling,1
2019,filosofia,1
2019,fire,1
2019,flexible,1
2019,flexíveis,1
2019,fogo,1
2019,fontes,1
2019,formação,1
2019,fotômetro,1
2019,fusão,1
2019,físico,1
2019,gain,1
2019,gamification,1
2019,ganho,1
2019,gaussian,1
2019,gaussiano,1
2019,gráfica,1
2019,hake,1
2019,harmônico,1
2019,hidrodinâmica,1
2019,hidrostático,1
2019,historical,1
2019,history,1
2019,história,1
2019,históricos,1
2019,hit,1
2019,human,1
2019,humana,1
2019,humano,1
2019,hydrodinamics,1
2019,hydrostatic,1
2019,inclined,1
2019,inclusivo,1
2019,induced,1
2019,induction,1
2019,induzida,1
2019,instrument,1
2019,instrumentation,1
2019,instrumentação,1
2019,instrumento,1
2019,instrutiva,1
2019,integrado,1
2019,interativas,1
2019,interdisciplinar,1
2019,interferômetro,1
2019,introdução,1
2019,investigação,1
2019,início,1
2019,isqueiro,1
2019,lattice,1
2019,law,1
2019,lei,1
2019,lens,1
2019,lenses,1
2019,lente,1
2019,lentes,1
2019,limite,1
2019,linha,1
2019,livro,1
2019,livros,1
2019,low,1
2019,líquidos,1
2019,mach,1
2019,machines,1
2019,magnetic,1
2019,magnetismo,1
2019,magnético,1
2019,map,1
2019,mapa,1
2019,meaningful,1
2019,measurement,1
2019,medida,1
2019,medidor,1
2019,medindo,1
2019,meter,1
2019,millikan,1
2019,modelagem,1
2019,modelar,1
2019,modeling,1
2019,modulation,1
2019,movimento,1
2019,multidimensionais,1
2019,máquinas,1
2019,método,1
2019,módulo,1
2019,nature,1
2019,natureza,1
2019,new,1
2019,nonlinear,1
2019,normalized,1
2019,nuclear,1
2019,ohm,1
2019,ohms,1
2019,olho,1
2019,ondulatória,1
2019,operacionalismo,1
2019,operationalism,1
2019,optics,1
2019,paralelismo,1
2019,parallelism,1
2019,pendulum,1
2019,perenes,1
2019,periódica,1
2019,periódicas,1
2019,pesquisa,1
2019,phase,1
2019,philosophy,1
2019,photometer,1
2019,piston,1
2019,pistão,1
2019,plane,1
2019,plataformas,1
2019,pneumático,1
2019,preenchimento,1
2019,principal,1
2019,processo,1
2019,project,1
2019,projeto,1
2019,prática,1
2019,práticas,1
2019,pêndulo,1
2019,qualitativa,1
2019,qualitative,1
2019,quantities,1
2019,quasiperiodic,1
2019,questionário,1
2019,quântico,1
2019,radiation,1
2019,reactions,1
2019,reais,1
2019,real,1
2019,reações,1
2019,rede,1
2019,redes,1
2019,reflexão,1
2019,remotamente,1
2019,research,1
2019,screening,1
2019,secondary,1
2019,seqüência,1
2019,significative,1
2019,similar,1
2019,simples,1
2019,simulador,1
2019,simulation,1
2019,simulations,1
2019,simulações,1
2019,sistemas,1
2019,som,1
2019,sound,1
2019,spatial,1
2019,spectroscopy,1
2019,stars,1
2019,superfluid,1
2019,superfluido,1
2019,surdo,1
2019,século,1
2019,technique,1
2019,technologies,1
2019,tensão,1
2019,termodinâmica,1
2019,test,1
2019,teste,1
2019,textbooks,1
2019,theory,1
2019,thermal,1
2019,thermodynamics,1
2019,tica,1
2019,traditional,1
2019,traffic,1
2019,transientes,1
2019,traveling,1
2019,tube,1
2019,térmicas,1
2019,usando,1
2019,va,1
2019,validation,1
2019,valorizam,1
2019,variacional,1
2019,variational,1
2019,variação,1
2019,variáveis,1
2019,velocidade,1
2019,venturino,1
2019,versátil,1
2019,viajantes,1
2019,virtuais,1
2019,vision,1
2019,visão,1
2019,waves,1
2019,work,1
2019,x,1
2019,xix,1
2019,zehnder,1
2019,átomos,1
2019,ópticas,1
2019,óptico,1
2020,1991,1
2020,2018,1
2020,abertura,1
2020,abordagem,1
2020,accelerators,1
2020,aceleradores,1
2020,aceleração,1
2020,acopladas,1
2020,acoplados,1
2020,active,1
2020,acético,1
2020,adaptada,1
2020,aeroespacial,1
2020,aerospace,1
2020,agência,1
2020,alfa,1
2020,alfabetização,1
2020,alpha,1
2020,alternativa,1
2020,alternativo,1
2020,alunos,1
2020,analisando,1
2020,analysis,1
2020,analógico,1
2020,aparente,1
2020,aplicativos,1
2020,apoiada,1
2020,aporte,1
2020,apparent,1
2020,applied,1
2020,arduíno,1
2020,arrasto,1
2020,art,1
2020,arte,1
2020,associada,1
2020,astrobiologia,1
2020,astrobiology,1
2020,ativa,1
2020,ativas,1
2020,attenuation,1
2020,atômica,1
2020,based,1
2020,bettelli,1
2020,bi,1
2020,bianchi,1
2020,bicarbonate,1
2020,brasil,1
2020,bulk,1
2020,calor,1
2020,case,1
2020,celular,1
2020,cerâmico,1
2020,chart,1
2020,circuito,1
2020,clod,1
2020,clusters,1
2020,coated,1
2020,cognitive,1
2020,community,1
2020,comparação,1
2020,complex,1
2020,complexas,1
2020,complexidade,1
2020,complexos,1
2020,computador,1
2020,conceito,1
2020,conceitualização,1
2020,concepts,1
2020,conceptual,1
2020,concreto,1
2020,conduction,1
2020,condução,1
2020,confusão,1
2020,conhecimento,1
2020,considerações,1
2020,construção,1
2020,contexto,1
2020,contextualizados,1
2020,contextualization,1
2020,contribuições,1
2020,contributos,1
2020,controle,1
2020,convection,1
2020,convecção,1
2020,correlacionados,1
2020,correlated,1
2020,cost,1
2020,coupled,1
2020,curricular,1
2020,curriculares,1
2020,curso,1
2020,curva,1
2020,curve,1
2020,cósmico,1
2020,darkness,1
2020,decaimento,1
2020,decay,1
2020,degree,1
2020,density,1
2020,desenvolvido,1
2020,desenvolvimento,1
2020,detecção,1
2020,devido,1
2020,diagnostic,1
2020,diagnóstico,1
2020,dict,1
2020,didactical,1
2020,didáticas,1
2020,dielectric,1
2020,dielectrics,1
2020,dielétrica,1
2020,dielétricos,1
2020,dinâmica,1
2020,distribuição,1
2020,distribution,1
2020,divulgação,1
2020,domínio,1
2020,drag,1
2020,dualidade,1
2020,duality,1
2020,dynamic,1
2020,educacionais,1
2020,educacional,1
2020,elaboração,1
2020,electric,1
2020,elementares,1
2020,elementary,1
2020,elemento,1
2020,eletrostática,1
2020,eletrônica,1
2020,elástica,1
2020,ementas,1
2020,encontro,1
2020,energia,1
2020,engineering,1
2020,ensinando,1
2020,enunciados,1
2020,envolvendo,1
2020,episodes,1
2020,epistemologia,1
2020,epistemology,1
2020,episódio,1
2020,escoamento,1
2020,escoamentos,1
2020,estelares,1
2020,estrelas,1
2020,estudando,1
2020,evaporativo,1
2020,exoplanet,1
2020,experiment,1
2020,experimentais,1
2020,experimentation,1
2020,experimentação,1
2020,experimento,1
2020,experiência,1
2020,fall,1
2020,fenômeno,1
2020,feynman,1
2020,field,1
2020,fission,1
2020,fissão,1
2020,flexibility,1
2020,flow,1
2020,fluidos,1
2020,foguetes,1
2020,force,1
2020,formação,1
2020,fortemente,1
2020,força,1
2020,fotorresistivo,1
2020,funcionamento,1
2020,functions,1
2020,gas,1
2020,geometric,1
2020,geométricas,1
2020,giacomelli,1
2020,global,1
2020,grade,1
2020,gravity,1
2020,gráficos,1
2020,habits,1
2020,heterogeneous,1
2020,heterogêneos,1
2020,history,1
2020,história,1
2020,histórica,1
2020,histórico,1
2020,hypermedia,1
2020,iaea,1
2020,ill,1
2020,imageamento,1
2020,imaging,1
2020,impaired,1
2020,implementação,1
2020,influência,1
2020,instrucional,1
2020,instructional,1
2020,interdisciplinaridade,1
2020,interdisciplinarity,1
2020,internacional,1
2020,intrusive,1
2020,intrusivo,1
2020,jogo,1
2020,jogos,1
2020,kinetic,1
2020,laboratórios,1
2020,landau,1
2020,letramento,1
2020,levam,1
2020,liquids,1
2020,literacy,1
2020,literatura,1
2020,live,1
2020,low,1
2020,maquete,1
2020,mass,1
2020,materiais,1
2020,measurement,1
2020,mechanical,1
2020,mechanics,1
2020,mecânico,1
2020,mediadas,1
2020,medindo,1
2020,medir,1
2020,menina,1
2020,mensuração,1
2020,metais,1
2020,metalinguística,1
2020,method,1
2020,methodologies,1
2020,metodologias,1
2020,miniobservatório,1
2020,modelização,1
2020,modelling,1
2020,modes,1
2020,modos,1
2020,mola,1
2020,momentum,1
2020,motion,1
2020,motor,1
2020,movement,1
2020,mulheres,1
2020,métodos,1
2020,nacional,1
2020,nature,1
2020,natureza,1
2020,non,1
2020,normais,1
2020,normal,1
2020,norteador,1
2020,nucleares,1
2020,nuclide,1
2020,nuclídeos,1
2020,object,1
2020,observatory,1
2020,olhar,1
2020,ommcad,1
2020,onda,1
2020,origens,1
2020,osciladores,1
2020,oscillations,1
2020,oscillators,1
2020,p,1
2020,paradox,1
2020,paradoxo,1
2020,paraffin,1
2020,parafinado,1
2020,parallel,1
2020,parameters,1
2020,particle,1
2020,particles,1
2020,partícula,1
2020,pedagógico,1
2020,pequena,1
2020,perception,1
2020,percepção,1
2020,percepções,1
2020,pesquisas,1
2020,photoresistive,1
2020,pi,1
2020,planetary,1
2020,planilha,1
2020,plataforma,1
2020,platform,1
2020,play,1
2020,plástico,1
2020,polares,1
2020,polarization,1
2020,polarização,1
2020,poroso,1
2020,porosos,1
2020,porous,1
2020,potencialidades,1
2020,practice,1
2020,presentes,1
2020,pressure,1
2020,previsão,1
2020,problem,1
2020,problems,1
2020,processo,1
2020,produção,1
2020,professional,1
2020,professor,1
2020,proficiency,1
2020,proficiência,1
2020,profissional,1
2020,programa,1
2020,programme,1
2020,project,1
2020,projeto,1
2020,propagação,1
2020,propelente,1
2020,proposta,1
2020,prototype,1
2020,protótipo,1
2020,práticas,1
2020,puros,1
2020,quasi,1
2020,questões,1
2020,radiação,1
2020,raspberry,1
2020,realidade,1
2020,reação,1
2020,reações,1
2020,recipientes,1
2020,redes,1
2020,reflection,1
2020,refraction,1
2020,refrigerador,1
2020,relationship,1
2020,resfriamento,1
2020,resistência,1
2020,resolução,1
2020,resultados,1
2020,revised,1
2020,revisão,1
2020,richard,1
2020,robotics,1
2020,rolling,1
2020,rotina,1
2020,sealed,1
2020,sela,1
2020,significativas,1
2020,simulator,1
2020,simulação,1
2020,sky,1
2020,small,1
2020,smartphones,1
2020,soil,1
2020,sol,1
2020,solo,1
2020,sound,1
2020,spreadsheet,1
2020,springs,1
2020,star,1
2020,stop,1
2020,streit,1
2020,strongly,1
2020,structured,1
2020,subsídios,1
2020,sun,1
2020,superior,1
2020,superparamagnetism,1
2020,superparamagnetismo,1
2020,superparamagnéticos,1
2020,sódio,1
2020,sólidos,1
2020,tabela,1
2020,tabuleiro,1
2020,taxonomy,1
2020,tdic,1
2020,teacher,1
2020,telescópio,1
2020,temperatura,1
2020,test,1
2020,textbook,1
2020,texto,1
2020,textos,1
2020,teórica,1
2020,theory,1
2020,thermodynamics,1
2020,torrãao,1
2020,tracker,1
2020,tradução,1
2020,traffic,1
2020,transferência,1
2020,transit,1
2020,tópicos,1
2020,uav,1
2020,undergraduate,1
2020,understanding,1
2020,unidades,1
2020,uso,1
2020,utilizando,1
2020,utilizar,1
2020,vacuum,1
2020,validade,1
2020,validity,1
2020,vant,1
2020,vants,1
2020,vaso,1
2020,versão,1
2020,via,1
2020,vida,1
2020,videoanalysis,1
2020,vinagre,1
2020,vinegar,1
2020,viscosidade,1
2020,viscosity,1
2020,visualização,1
2020,visually,1
2020,visões,1
2020,vácuo,1
2020,wave,1
2020,waves,1
2020,women,1
2020,ácido,1
2020,água,1
2020,ópticos,1
2021,120,1
2021,2020,1
2021,acadêmicos,1
2021,acoustic,1
2021,active,1
2021,activities,1
2021,activity,1
2021,acústica,1
2021,acústico,1
2021,adaptação,1
2021,adoção,1
2021,alfabetizagao,1
2021,alumínio,1
2021,ambiente,1
2021,aparentemente,1
2021,aplicação,1
2021,application,1
2021,approach,1
2021,aprender,1
2021,aprendizado,1
2021,apresentação,1
2021,art,1
2021,arte,1
2021,aspectos,1
2021,atico,1
2021,ativas,1
2021,atividades,1
2021,audio,1
2021,audiodescrigao,1
2021,aula,1
2021,auto,1
2021,autoeficacia,1
2021,autoeficácia,1
2021,avaliação,1
2021,axiom,1
2021,balança,1
2021,baseado,1
2021,beliefs,1
2021,bibliográfico,1
2021,bidimensional,1
2021,biophysics,1
2021,blended,1
2021,bncc,1
2021,braille,1
2021,brasileiros,1
2021,busca,1
2021,calor,1
2021,calorimetría,1
2021,campo,1
2021,campos,1
2021,cancer,1
2021,carta,1
2021,cartas,1
2021,caseiros,1
2021,cefeidas,1
2021,censo,1
2021,cepheid,1
2021,challenges,1
2021,chart,1
2021,chromospheric,1
2021,cient,1
2021,cinética,1
2021,cognition,1
2021,cognição,1
2021,coil,1
2021,colegas,1
2021,common,1
2021,communities,1
2021,complex,1
2021,complexas,1
2021,complexidad,1
2021,complexos,1
2021,compreensão,1
2021,compressibilidade,1
2021,computational,1
2021,computer,1
2021,computing,1
2021,comum,1
2021,comunidades,1
2021,conceito,1
2021,conceitos,1
2021,concepções,1
2021,conservation,1
2021,conservação,1
2021,construída,1
2021,contemporary,1
2021,contemporânea,1
2021,contextualizada,1
2021,continuous,1
2021,contrast,1
2021,contribuições,1
2021,contínuos,1
2021,corpos,1
2021,correntes,1
2021,cref,1
2021,crengas,1
2021,crenças,1
2021,crítico,1
2021,cultura,1
2021,culture,1
2021,curiosas,1
2021,currents,1
2021,curricula,1
2021,curso,1
2021,curva,1
2021,câncer,1
2021,daily,1
2021,dc,1
2021,dedicados,1
2021,dedução,1
2021,degree,1
2021,demonstragoes,1
2021,demonstração,1
2021,densidade,1
2021,densimeter,1
2021,density,1
2021,description,1
2021,descritiva,1
2021,deslizar,1
2021,determinação,1
2021,development,1
2021,devido,1
2021,diagnóstica,1
2021,diferentes,1
2021,diffraction,1
2021,diffusion,1
2021,difração,1
2021,difusão,1
2021,digital,1
2021,dimensions,1
2021,dimensões,1
2021,dinâmica,1
2021,discos,1
2021,discussões,1
2021,disks,1
2021,dissemination,1
2021,dissertations,1
2021,distance,1
2021,distribuição,1
2021,distância,1
2021,divulgação,1
2021,diário,1
2021,doubts,1
2021,dualidade,1
2021,dynamics,1
2021,dúvidas,1
2021,edição,1
2021,educacional,1
2021,educagao,1
2021,efficacy,1
2021,elasticity,1
2021,electromagnetic,1
2021,electronics,1
2021,eletricidade,1
2021,eletrodinâmica,1
2021,eletrônicas,1
2021,empirical,1
2021,empregando,1
2021,energia,1
2021,energy,1
2021,energía,1
2021,engagement,1
2021,engajamento,1
2021,ensaio,1
2021,environmental,1
2021,environments,1
2021,envolvendo,1
2021,epistemologicamente,1
2021,epistemológica,1
2021,epistemológicas,1
2021,equa,1
2021,equation,1
2021,equations,1
2021,equação,1
2021,equipe,1
2021,escala,1
2021,espaço,1
2021,especial,1
2021,espectros,1
2021,espectroscopia,1
2021,estados,1
2021,estatística,1
2021,estelar,1
2021,estelares,1
2021,estudo,1
2021,evolução,1
2021,exhibitions,1
2021,experiencia,1
2021,experiment,1
2021,faraday,1
2021,faraday’s,1
2021,fase,1
2021,fator,1
2021,field,1
2021,fluido,1
2021,formalism,1
2021,formalismo,1
2021,forums,1
2021,fotoelétron,1
2021,fotoelétrons,1
2021,framework,1
2021,frequency,1
2021,frequência,1
2021,fundamental,1
2021,fundamentação,1
2021,função,1
2021,fóruns,1
2021,game,1
2021,gender,1
2021,general,1
2021,geometria,1
2021,group,1
2021,guiada,1
2021,hard,1
2021,harmonic,1
2021,harmônicas,1
2021,harvard,1
2021,hastes,1
2021,heat,1
2021,higher,1
2021,historical,1
2021,history,1
2021,história,1
2021,histórica,1
2021,hybrid,1
2021,ii,1
2021,importância,1
2021,imãs,1
2021,inclinado,1
2021,inclusao,1
2021,induced,1
2021,induzidas,1
2021,inexplorado,1
2021,inicial,1
2021,inovações,1
2021,inquiry,1
2021,instigante,1
2021,instrumentation,1
2021,intensidade,1
2021,intensity,1
2021,interação,1
2021,interdisciplinaridade,1
2021,interdisciplinarity,1
2021,interessadas,1
2021,interference,1
2021,intrigantes,1
2021,introdução,1
2021,investigando,1
2021,investigativa,1
2021,investigação,1
2021,investigações,1
2021,itinerantes,1
2021,iv,1
2021,jogos,1
2021,kinetic,1
2021,lab,1
2021,laborat,1
2021,lacuna,1
2021,latent,1
2021,latente,1
2021,levantamento,1
2021,licenciatura,1
2021,licenciaturas,1
2021,light,1
2021,limites,1
2021,line,1
2021,líquidos,1
2021,machine,1
2021,maleta,1
2021,manchas,1
2021,mass,1
2021,master,1
2021,materiais,1
2021,medicina,1
2021,medida,1
2021,medindo,1
2021,meios,1
2021,mestrado,1
2021,mestrados,1
2021,meteorite,1
2021,meteorito,1
2021,methodological,1
2021,methodologies,1
2021,methods,1
2021,metodologias,1
2021,microdados,1
2021,misterioso,1
2021,mistura,1
2021,mixing,1
2021,modalidade,1
2021,modelização,1
2021,modelo,1
2021,modelos,1
2021,models,1
2021,modulus,1
2021,motivation,1
2021,movement,1
2021,multidisciplinar,1
2021,multidisciplinary,1
2021,mão,1
2021,método,1
2021,nacional,1
2021,neuroeducation,1
2021,neuroeducação,1
2021,neuroscience,1
2021,noise,1
2021,nuclear,1
2021,numerical,1
2021,numéricos,1
2021,oes,1
2021,onda,1
2021,optics,1
2021,orio,1
2021,oscilações,1
2021,oscillations,1
2021,panorama,1
2021,particle,1
2021,partícula,1
2021,pele,1
2021,percepção,1
2021,perfil,1
2021,perguntas,1
2021,pergunte,1
2021,periódicos,1
2021,phase,1
2021,physics50,1
2021,piezoelétricos,1
2021,planilhas,1
2021,plano,1
2021,polariza,1
2021,polarization,1
2021,pollution,1
2021,possibilidades,1
2021,postgraduate,1
2021,potencialmente,1
2021,primary,1
2021,princípios,1
2021,processo,1
2021,processos,1
2021,products,1
2021,professional,1
2021,profissionais,1
2021,profissional,1
2021,program,1
2021,project,1
2021,projetos,1
2021,promover,1
2021,promoção,1
2021,propagation,1
2021,prática,1
2021,publicados,1
2021,pós,1
2021,quantitativo,1
2021,questions,1
2021,questões,1
2021,radiações,1
2021,radioatividade,1
2021,raios,1
2021,reflexão,1
2021,relativity,1
2021,remota,1
2021,remotas,1
2021,research,1
2021,resonance,1
2021,resources,1
2021,respondendo,1
2021,ressonância,1
2021,revisao,1
2021,revisão,1
2021,risco,1
2021,risk,1
2021,rods,1
2021,rígidos,1
2021,sala,1
2021,scale,1
2021,second,1
2021,self,1
2021,sensitive,1
2021,sensores,1
2021,sensível,1
2021,sequences,1
2021,simulações,1
2021,sismógrafo,1
2021,skin,1
2021,software,1
2021,sonoras,1
2021,sources,1
2021,space,1
2021,states,1
2021,statistical,1
2021,stellar,1
2021,strategy,1
2021,sunspots,1
2021,surgimento,1
2021,symmetries,1
2021,sítio,1
2021,sólidos,1
2021,team,1
2021,technologies,1
2021,tecnologias,1
2021,temas,1
2021,temporal,1
2021,temática,1
2021,teorema,1
2021,teorias,1
2021,testagem,1
2021,testing,1
2021,teóricos,1
2021,theorem,1
2021,thermodynamics,1
2021,transversais,1
2021,traveling,1
2021,trechos,1
2021,tube,1
2021,type,1
2021,ultraviolet,1
2021,ultravioleta,1
2021,unidimensionais,1
2021,universidade,1
2021,using,1
2021,utilizagao,1
2021,variable,1
2021,variáveis,1
2021,virtuais,1
2021,water,1
2021,x:conceitos,1
2021,young,1
2021,água,1
2021,áudiodescrição,1
2021,óptica,1
2021,ıfica,1
2022,1971,1
2022,2009,1
2022,2019,1
2022,5692,1
2022,academic,1
2022,accelerated,1
2022,accelerometer,1
2022,acelerada,1
2022,aceleração,1
2022,acoustic,1
2022,active,1
2022,acústica,1
2022,acústicos,1
2022,advanced,1
2022,aerodynamics,1
2022,air,1
2022,algorithm,1
2022,algoritmo,1
2022,algoritmos,1
2022,alternada,1
2022,ambiental,1
2022,analisys,1
2022,analysis,1
2022,anarmônico,1
2022,aplicativo,1
2022,app,1
2022,approach,1
2022,arcos,1
2022,arcs,1
2022,art,1
2022,arte,1
2022,aspectos,1
2022,astrofísica,1
2022,ativas,1
2022,atual,1
2022,audiovisuais,1
2022,audiovisual,1
2022,aula,1
2022,automotive,1
2022,baseada,1
2022,baseado,1
2022,bbc,1
2022,bit,1
2022,black,1
2022,body,1
2022,brasileiro,1
2022,breaking,1
2022,campo,1
2022,capanema,1
2022,caso,1
2022,chamber,1
2022,cinemática,1
2022,ciência,1
2022,cloud,1
2022,cobre,1
2022,coeficiente,1
2022,comparação,1
2022,computing,1
2022,conceitos,1
2022,conceitual,1
2022,condução,1
2022,construction,1
2022,construção,1
2022,contextualizada,1
2022,contextualization,1
2022,contextualização,1
2022,cordas,1
2022,corpo,1
2022,cosmics,1
2022,cost,1
2022,cursos,1
2022,cálculo,1
2022,céu,1
2022,degree,1
2022,determinação,1
2022,device,1
2022,didactic,1
2022,didatic,1
2022,didática,1
2022,digital,1
2022,dilatação,1
2022,disciplina,1
2022,discutindo,1
2022,dispositivo,1
2022,distance,1
2022,distância,1
2022,docente,1
2022,double,1
2022,dublagem,1
2022,dupla,1
2022,edições,1
2022,educacionais,1
2022,educativo,1
2022,effect,1
2022,eficiência,1
2022,electromagnetic,1
2022,electromotive,1
2022,elementary,1
2022,eletromagnética,1
2022,eletromagnético,1
2022,eletrostática,1
2022,elétricos,1
2022,enem,1
2022,engineering,1
2022,espectro,1
2022,estatísticas,1
2022,estelar,1
2022,estimando,1
2022,estratégia,1
2022,estrutura,1
2022,estudantes,1
2022,evaluation,1
2022,expansion,1
2022,experiencia,1
2022,experiments,1
2022,explorador,1
2022,eye,1
2022,faixas,1
2022,fejér’s,1
2022,fenomenologia,1
2022,ferramentas,1
2022,fins,1
2022,fisica,1
2022,force,1
2022,formado,1
2022,formalismo,1
2022,formaçao,1
2022,formação,1
2022,friendly,1
2022,físico,1
2022,galileu,1
2022,game,1
2022,games,1
2022,gamification,1
2022,generator,1
2022,geometrical,1
2022,geradores,1
2022,graduandos,1
2022,graduação,1
2022,graphical,1
2022,gravitation,1
2022,guiado,1
2022,guide,1
2022,harmonic,1
2022,harmônicas,1
2022,harmônico,1
2022,higher,1
2022,history,1
2022,história,1
2022,histórica,1
2022,hybrid,1
2022,híbrida,1
2022,identificar,1
2022,indução,1
2022,inferências,1
2022,information,1
2022,informação,1
2022,inicial,1
2022,inquiry,1
2022,inspirada,1
2022,instantaneous,1
2022,instructional,1
2022,instrumento,1
2022,instrução,1
2022,integrando,1
2022,integrated,1
2022,interaction,1
2022,interação,1
2022,interpretações,1
2022,introdutório,1
2022,investigation,1
2022,investigativa,1
2022,investigativas,1
2022,journeys,1
2022,kernel,1
2022,kinematics,1
2022,laboratory,1
2022,laboratório,1
2022,law,1
2022,legislation,1
2022,legislação,1
2022,leis,1
2022,lineares,1
2022,literatura,1
2022,low,1
2022,luz,1
2022,map,1
2022,mapa,1
2022,marte,1
2022,materiais,1
2022,materials,1
2022,matricial,1
2022,matter,1
2022,matéria,1
2022,mecanismo,1
2022,mediadas,1
2022,medical,1
2022,medida,1
2022,method,1
2022,methodologies,1
2022,metodologias,1
2022,micro,1
2022,microdados,1
2022,microdata,1
2022,model,1
2022,modelling,1
2022,modelos,1
2022,models,1
2022,modes,1
2022,moments,1
2022,momentum,1
2022,motivaçao,1
2022,motors,1
2022,movimento,1
2022,music,1
2022,métodos,1
2022,móvel,1
2022,naked,1
2022,negro,1
2022,non,1
2022,noturno,1
2022,nu,1
2022,numerical,1
2022,numéricas,1
2022,obervação,1
2022,observados,1
2022,observation,1
2022,oficinas,1
2022,olho,1
2022,operável,1
2022,organizers,1
2022,oscillators,1
2022,padrão,1
2022,pandemic,1
2022,particle,1
2022,pedagogical,1
2022,pedagógica,1
2022,performance,1
2022,physical,1
2022,physicis,1
2022,piores,1
2022,plataforma,1
2022,platform,1
2022,pnld,1
2022,possibilidade,1
2022,power,1
2022,principle,1
2022,problematizando,1
2022,produzidos,1
2022,professores,1
2022,programa,1
2022,proposições,1
2022,proposta,1
2022,psicometria,1
2022,psicométrica,1
2022,psychometrics,1
2022,pypen,1
2022,qiskit,1
2022,questões,1
2022,quânticos,1
2022,radiações,1
2022,ray,1
2022,rays,1
2022,reais,1
2022,rectangular,1
2022,rede,1
2022,reference,1
2022,reflexoes,1
2022,reforma,1
2022,regra,1
2022,relacionados,1
2022,remota,1
2022,remotamente,1
2022,remoto,1
2022,remotos,1
2022,resistance,1
2022,resonant,1
2022,retrógrado,1
2022,revisão,1
2022,rule,1
2022,sanitária,1
2022,sentidos,1
2022,sequencia,1
2022,sequência,1
2022,simecosmo,1
2022,simples,1
2022,sistemas,1
2022,sistemática,1
2022,smartphone,1
2022,social,1
2022,sol,1
2022,sound,1
2022,spectrum,1
2022,speed,1
2022,spontaneous,1
2022,springs,1
2022,state,1
2022,statistical,1
2022,stellector,1
2022,strategies,1
2022,structure,1
2022,subsumers,1
2022,superior,1
2022,supernovae,1
2022,supernovas,1
2022,survey,1
2022,symmetry,1
2022,séries,1
2022,techniques,1
2022,technologies,1
2022,tecnologias,1
2022,tecnologías,1
2022,tempos,1
2022,texbook,1
2022,textbook,1
2022,theoretical,1
2022,thermometry,1
2022,thinking,1
2022,three,1
2022,toys,1
2022,tracing,1
2022,transfer,1
2022,transform,1
2022,transformada,1
2022,traçado,1
2022,tunnel,1
2022,técnicas,1
2022,túnel,1
2022,uncertainty,1
2022,universo,1
2022,usando,1
2022,user,1
2022,utilização,1
2022,velocity,1
2022,vento,1
2022,vibrantes,1
2022,vibrating,1
2022,videoanalysis,1
2022,visualization,1
2022,vídeo,1
2022,wave,1
2022,wind,1
2022,workshop,1
2022,youtube,1
2022,âmbito,1
2022,ópticos,1
